2026-02-17 11:40:18,ping,gblearn.com,N/A,Failed
2026-02-17 11:40:29,ping,georgebrown.ca,N/A,Failed
2026-02-17 11:40:45,ping,georgebrown.ca,N/A,Failed
2026-02-17 11:41:11,ping,github.com,N/A,Failed
2026-02-17 11:41:17,ping,github,N/A,Failed
2026-02-17 11:41:27,ping,pgrxv,N/A,Failed
2026-02-17 11:43:52,ping,google.com,N/A,Failed
2026-02-17 11:43:59,ping,ping google.com,N/A,Failed
2026-02-17 11:45:25,ping,youtube.com,N/A,Failed
2026-02-17 11:46:07,ping,youtube.com,N/A,Failed
2026-02-17 11:49:08,ping,youtube.com,N/A,Failed
